query_key,answerset_f1,bleu,exact_match_spinach,qcan-bleu-flex,qcan-bleu-strict,qcan-rouge-4-flex,qcan-rouge-4-strict,rouge_4
ck26_ADFR_ck26:1-en,1.0,0.11104262965417018,1.0,0.04869199709560803,0.04869199709560803,0.43636363636363634,0.43636363636363634,0.38596491228070173
ck26_ADFR_ck26:10-en,0.33333333333333337,0.020674750227088756,1.0,0.02224594896203049,0.02224594896203049,0.28205128205128205,0.28205128205128205,0.11678832116788321
ck26_ADFR_ck26:11-en,0.6666666666666666,0.03412668667092638,1.0,0.0699997112529777,0.0699997112529777,0.47191011235955055,0.47191011235955055,0.18604651162790697
ck26_ADFR_ck26:12-en,0.6666666666666666,0.03309762530084244,1.0,0.09886263593840232,0.09886263593840232,0.4772727272727273,0.4772727272727273,0.18604651162790697
ck26_ADFR_ck26:13-en,0.0,0.46497038478222047,0.0,0.28932539430644016,0.28932539430644016,0.20512820512820512,0.20512820512820512,0.5
ck26_ADFR_ck26:14-en,0.6,0.028079674081935735,1.0,0.018848968929169208,0.018848968929169208,0.19753086419753088,0.19753086419753088,0.13008130081300812
ck26_ADFR_ck26:15-en,0.25,0.05514821325974193,1.0,0.12240655937849992,0.12240655937849992,0.43396226415094336,0.43396226415094336,0.08465608465608465
ck26_ADFR_ck26:16-en,1.0,0.2116508492951693,1.0,0.14253911354181859,0.14253911354181859,0.45161290322580644,0.45161290322580644,0.43749999999999994
ck26_ADFR_ck26:17-en,0.6666666666666666,0.033849968043042016,1.0,0.03740846994984485,0.03740846994984485,0.2352941176470588,0.2352941176470588,0.15151515151515152
ck26_ADFR_ck26:18-en,0.0,0.043851732414620856,0.0,0.06087473628081748,0.06087473628081748,0.372093023255814,0.372093023255814,0.14814814814814814
ck26_ADFR_ck26:19-en,0.33333333333333337,0.11223888133567053,1.0,0.21963575775888045,0.21963575775888045,0.2545454545454546,0.2545454545454546,0.0970873786407767
ck26_ADFR_ck26:2-en,1.0,0.14345334371446108,1.0,1.0,1.0,1.0,1.0,0.5416666666666667
ck26_ADFR_ck26:20-en,0.33333333333333337,0.049569091465829086,1.0,0.03812352319613694,0.03812352319613694,0.17647058823529413,0.17647058823529413,0.11034482758620688
ck26_ADFR_ck26:21-en,0.4,0.14234678993715658,1.0,0.28605366595160875,0.28605366595160875,0.4563758389261745,0.4563758389261745,0.19259259259259257
ck26_ADFR_ck26:22-en,0.6666666666666666,0.03134502161076285,1.0,0.029691409814878566,0.029691409814878566,0.247787610619469,0.247787610619469,0.22988505747126436
ck26_ADFR_ck26:23-en,0.4,0.08661872802698146,1.0,0.06549680142462881,0.06549680142462881,0.4137931034482758,0.4137931034482758,0.2900763358778626
ck26_ADFR_ck26:24-en,0.5,0.04693215248462419,1.0,0.12692620390628237,0.12692620390628237,0.39766081871345027,0.39766081871345027,0.1019108280254777
ck26_ADFR_ck26:25-en,0.2857142857142857,0.18162292188342305,1.0,0.12379717144670209,0.12379717144670209,0.4508670520231214,0.4508670520231214,0.22340425531914893
ck26_ADFR_ck26:26-en,1.0,0.1277865345895771,1.0,0.03515787095573906,0.03515787095573906,0.34444444444444444,0.34444444444444444,0.3092783505154639
ck26_ADFR_ck26:27-en,0.8451612903225806,0.1997414438670288,0.0,0.17198039568197035,0.17198039568197035,0.3544303797468355,0.3544303797468355,0.22388059701492538
ck26_ADFR_ck26:28-en,1.0,0.22351306711709687,1.0,0.21695017381698728,0.21695017381698728,0.40229885057471265,0.40229885057471265,0.1313868613138686
ck26_ADFR_ck26:29-en,0.16216216216216214,0.05801776522410952,0.0,0.06961423832915682,0.06961423832915682,0.31627906976744186,0.31627906976744186,0.0625
ck26_ADFR_ck26:3-en,0.4,0.026916423901551013,1.0,0.020970032734607826,0.020970032734607826,0.24242424242424243,0.24242424242424243,0.2083333333333333
ck26_ADFR_ck26:30-en,0.4761904761904762,0.16733034585699655,0.0,0.21359012567909885,0.21359012567909885,0.2156862745098039,0.2156862745098039,0.10101010101010101
ck26_ADFR_ck26:31-en,0.3146067415730337,0.10399499824046295,1.0,0.051303230972588244,0.051303230972588244,0.16101694915254236,0.16101694915254236,0.055865921787709494
ck26_ADFR_ck26:32-en,0.2711323763955342,0.14672141670034902,0.0,0.21597342195427807,0.21597342195427807,0.2911392405063291,0.2911392405063291,0.07874015748031496
ck26_ADFR_ck26:33-en,0.0,0.37541625264671097,0.0,0.6052665103345164,0.6052665103345164,0.8307692307692307,0.8307692307692307,0.225
ck26_ADFR_ck26:34-en,0.5088757396449705,0.0763649409549849,0.0,0.07253323589371106,0.07253323589371106,0.22797927461139894,0.22797927461139894,0.07874015748031496
ck26_ADFR_ck26:35-en,0.7779342723004695,0.028386530702085352,1.0,0.03808667488306313,0.03808667488306313,0.3344262295081967,0.3344262295081967,0.12121212121212122
ck26_ADFR_ck26:36-en,0.28571428571428575,0.04819016113795898,0.0,0.0739292396439496,0.0739292396439496,0.15028901734104047,0.15028901734104047,0.06896551724137931
ck26_ADFR_ck26:37-en,0.5333333333333333,0.3147631535176523,0.0,0.2111527633945602,0.2111527633945602,0.17518248175182483,0.17518248175182483,0.2535211267605634
ck26_ADFR_ck26:38-en,0.8401084010840109,0.11200342333666576,1.0,0.05025764024217815,0.05025764024217815,0.24539877300613497,0.24539877300613497,0.15469613259668508
ck26_ADFR_ck26:39-en,0.6959247648902821,0.12877499395619812,1.0,0.08802566763785752,0.08802566763785752,0.3333333333333333,0.3333333333333333,0.14814814814814814
ck26_ADFR_ck26:4-en,0.5,0.07258743254158241,1.0,0.04136774591292265,0.04136774591292265,0.2830188679245283,0.2830188679245283,0.10752688172043011
ck26_ADFR_ck26:40-en,0.6666666666666666,0.06945810948733996,0.0,0.07069301148938888,0.07069301148938888,0.3387096774193548,0.3387096774193548,0.09090909090909091
ck26_ADFR_ck26:41-en,0.5581395348837209,0.04466446154016036,0.0,0.04419178531694089,0.04419178531694089,0.1971830985915493,0.1971830985915493,0.06382978723404255
ck26_ADFR_ck26:42-en,0.28571428571428575,0.1485668654627391,0.0,0.13701871899633497,0.13701871899633497,0.28193832599118945,0.28193832599118945,0.06315789473684211
ck26_ADFR_ck26:43-en,0.6666666666666666,0.17022771301247688,1.0,0.0601436412006747,0.0601436412006747,0.07272727272727272,0.07272727272727272,0.19230769230769232
ck26_ADFR_ck26:44-en,0.4,0.13588847834678672,0.0,0.13773017487026026,0.13773017487026026,0.24675324675324678,0.24675324675324678,0.07999999999999999
ck26_ADFR_ck26:45-en,0.4,0.05886572440383498,1.0,0.15111384872173622,0.15111384872173622,0.43200000000000005,0.43200000000000005,0.14285714285714288
ck26_ADFR_ck26:46-en,0.782608695652174,0.12125397072921895,1.0,0.1706188823162792,0.1706188823162792,0.2156862745098039,0.2156862745098039,0.12371134020618557
ck26_ADFR_ck26:47-en,0.9333333333333333,0.2207922286510422,1.0,0.21344051626758015,0.21344051626758015,0.5523809523809523,0.5523809523809523,0.37209302325581395
ck26_ADFR_ck26:48-en,0.6666666666666666,0.26866276474855993,1.0,0.12453963452769104,0.12453963452769104,0.5391304347826087,0.5391304347826087,0.326530612244898
ck26_ADFR_ck26:49-en,1.0,0.10921173274503498,1.0,0.07283807558116545,0.07283807558116545,0.32075471698113206,0.32075471698113206,0.23376623376623376
ck26_ADFR_ck26:5-en,0.4,0.029711587200251598,1.0,0.020970032734607826,0.020970032734607826,0.27956989247311825,0.27956989247311825,0.17977528089887637
ck26_ADFR_ck26:50-en,0.4,0.22216375985574133,0.0,0.23518865235764014,0.23518865235764014,0.1797752808988764,0.1797752808988764,0.1904761904761905
ck26_ADFR_ck26:6-en,0.4,0.03005808144835787,1.0,0.020970032734607826,0.020970032734607826,0.27956989247311825,0.27956989247311825,0.17977528089887637
ck26_ADFR_ck26:7-en,0.5,0.02772992143179488,1.0,0.03195983717679853,0.03195983717679853,0.33684210526315794,0.33684210526315794,0.1739130434782609
ck26_ADFR_ck26:8-en,0.6666666666666666,0.036600169095007684,1.0,0.016005061722660634,0.016005061722660634,0.1492537313432836,0.1492537313432836,0.19753086419753085
ck26_ADFR_ck26:9-en,1.0,0.038760503333710214,1.0,0.0516626906140817,0.0516626906140817,0.1797752808988764,0.1797752808988764,0.09345794392523364
ck26_INFAI-ETI-AND-FRIENDS-A_ck26:1-en,1.0,0.14079004048782912,1.0,0.4793941561908407,0.4793941561908407,0.6938775510204082,0.6938775510204082,0.5599999999999999
ck26_INFAI-ETI-AND-FRIENDS-A_ck26:10-en,0.0,0.029093477616126247,0.0,0.5946035575013605,0.5946035575013605,0.7804878048780488,0.7804878048780488,0.2337662337662338
ck26_INFAI-ETI-AND-FRIENDS-A_ck26:11-en,1.0,0.09267637757650997,1.0,1.0,1.0,1.0,1.0,0.4528301886792452
ck26_INFAI-ETI-AND-FRIENDS-A_ck26:12-en,1.0,0.08184095229301509,1.0,1.0,1.0,1.0,1.0,0.30188679245283023
ck26_INFAI-ETI-AND-FRIENDS-A_ck26:13-en,0.0,0.11908202116017216,0.0,0.10533060825150226,0.10533060825150226,0.30434782608695654,0.30434782608695654,0.1333333333333333
ck26_INFAI-ETI-AND-FRIENDS-A_ck26:14-en,0.0,0.039065257822973994,0.0,0.10168027229775503,0.10168027229775503,0.12244897959183673,0.12244897959183673,0.14634146341463414
ck26_INFAI-ETI-AND-FRIENDS-A_ck26:15-en,0.0,0.2924859709503835,0.0,0.4453346947055984,0.4453346947055984,0.6106194690265486,0.6106194690265486,0.26666666666666666
ck26_INFAI-ETI-AND-FRIENDS-A_ck26:16-en,1.0,0.1622222483500926,1.0,0.29377167835760565,0.29377167835760565,0.6666666666666667,0.6666666666666667,0.18750000000000003
ck26_INFAI-ETI-AND-FRIENDS-A_ck26:17-en,1.0,0.17702681979267462,1.0,1.0,1.0,1.0,1.0,0.29411764705882354
ck26_INFAI-ETI-AND-FRIENDS-A_ck26:18-en,1.0,0.07264720160473256,1.0,0.220376030328225,0.220376030328225,0.30612244897959184,0.30612244897959184,0.125
ck26_INFAI-ETI-AND-FRIENDS-A_ck26:19-en,1.0,0.22533753160530573,1.0,0.8309006988851894,0.8309006988851894,0.8311688311688312,0.8311688311688312,0.15625
ck26_INFAI-ETI-AND-FRIENDS-A_ck26:2-en,1.0,0.19151421080811973,1.0,1.0,1.0,1.0,1.0,0.6086956521739131
ck26_INFAI-ETI-AND-FRIENDS-A_ck26:20-en,0.0,0.3838416175839202,0.0,0.42048989872853887,0.42048989872853887,0.4155844155844156,0.4155844155844156,0.25806451612903225
ck26_INFAI-ETI-AND-FRIENDS-A_ck26:21-en,1.0,0.1806001208545335,1.0,0.45606215162946395,0.45606215162946395,0.6016260162601627,0.6016260162601627,0.19642857142857142
ck26_INFAI-ETI-AND-FRIENDS-A_ck26:22-en,1.0,0.14535614527378005,1.0,1.0,1.0,1.0,1.0,0.5454545454545454
ck26_INFAI-ETI-AND-FRIENDS-A_ck26:23-en,1.0,0.08277651704097419,1.0,0.4593006739855921,0.4593006739855921,0.7792207792207793,0.7792207792207793,0.17910447761194032
ck26_INFAI-ETI-AND-FRIENDS-A_ck26:24-en,0.33333333333333337,0.22583267309091243,1.0,0.2969021879428218,0.2969021879428218,0.5737704918032787,0.5737704918032787,0.26548672566371684
ck26_INFAI-ETI-AND-FRIENDS-A_ck26:25-en,1.0,0.12669763924994512,1.0,0.20554369664162345,0.20554369664162345,0.3650793650793651,0.3650793650793651,0.07751937984496123
ck26_INFAI-ETI-AND-FRIENDS-A_ck26:26-en,1.0,0.05857560624486975,1.0,0.05164023601007273,0.05164023601007273,0.33333333333333337,0.33333333333333337,0.06896551724137932
ck26_INFAI-ETI-AND-FRIENDS-A_ck26:27-en,1.0,0.25584678147991513,1.0,0.3373154824755109,0.3373154824755109,0.4098360655737705,0.4098360655737705,0.10309278350515463
ck26_INFAI-ETI-AND-FRIENDS-A_ck26:28-en,0.0,0.012084075351614551,0.0,0.032172031766695225,0.032172031766695225,0.4,0.4,0.08196721311475409
ck26_INFAI-ETI-AND-FRIENDS-A_ck26:29-en,0.0,0.16896936309914343,0.0,0.28532204063410316,0.28532204063410316,0.43971631205673756,0.43971631205673756,0.1081081081081081
ck26_INFAI-ETI-AND-FRIENDS-A_ck26:3-en,1.0,0.14010300531454548,1.0,1.0,1.0,1.0,1.0,0.5581395348837209
ck26_INFAI-ETI-AND-FRIENDS-A_ck26:30-en,1.0,0.2038497905595868,1.0,0.23052238678232126,0.23052238678232126,0.44680851063829785,0.44680851063829785,0.10869565217391304
ck26_INFAI-ETI-AND-FRIENDS-A_ck26:31-en,0.023809523809523805,0.21144360736979198,0.0,0.3437196573364447,0.3437196573364447,0.4078947368421053,0.4078947368421053,0.06896551724137932
ck26_INFAI-ETI-AND-FRIENDS-A_ck26:32-en,0.4106280193236715,0.2764400555717471,0.0,0.36703600080507026,0.36703600080507026,0.34146341463414637,0.34146341463414637,0.11428571428571428
ck26_INFAI-ETI-AND-FRIENDS-A_ck26:33-en,0.0,0.3034422031714574,0.0,0.6052665103345164,0.6052665103345164,0.8307692307692307,0.8307692307692307,0.15151515151515152
ck26_INFAI-ETI-AND-FRIENDS-A_ck26:34-en,0.7790055248618786,0.176011516880402,0.0,0.2485364833746714,0.2485364833746714,0.4230769230769231,0.4230769230769231,0.10256410256410257
ck26_INFAI-ETI-AND-FRIENDS-A_ck26:35-en,0.853287197231834,0.040129217076687526,0.0,0.07646308336863335,0.07646308336863335,0.29940119760479045,0.29940119760479045,0.0900900900900901
ck26_INFAI-ETI-AND-FRIENDS-A_ck26:36-en,0.0,0.01918865846082185,0.0,0.11776042643736906,0.11776042643736906,0.2903225806451613,0.2903225806451613,0.16666666666666666
ck26_INFAI-ETI-AND-FRIENDS-A_ck26:37-en,0.0,0.2954154811815099,0.0,0.295247363187719,0.295247363187719,0.31460674157303375,0.31460674157303375,0.1320754716981132
ck26_INFAI-ETI-AND-FRIENDS-A_ck26:38-en,0.7430340557275543,0.07206659168458249,0.0,0.07518256411148502,0.07518256411148502,0.40718562874251496,0.40718562874251496,0.06802721088435375
ck26_INFAI-ETI-AND-FRIENDS-A_ck26:39-en,1.0,0.44350997780019935,1.0,0.41965971352197884,0.41965971352197884,0.5842696629213482,0.5842696629213482,0.2631578947368421
ck26_INFAI-ETI-AND-FRIENDS-A_ck26:4-en,1.0,0.19105600040048562,1.0,0.10825294789422862,0.10825294789422862,0.38961038961038963,0.38961038961038963,0.09230769230769231
ck26_INFAI-ETI-AND-FRIENDS-A_ck26:40-en,0.8,0.16340836420369564,0.0,0.1548527282192556,0.1548527282192556,0.46938775510204084,0.46938775510204084,0.11235955056179775
ck26_INFAI-ETI-AND-FRIENDS-A_ck26:41-en,0.48000000000000004,0.1592187350680913,0.0,0.19422833926793873,0.19422833926793873,0.21428571428571427,0.21428571428571427,0.0634920634920635
ck26_INFAI-ETI-AND-FRIENDS-A_ck26:42-en,0.0,0.00010729938371575025,0.0,0.000502898787216697,0.000502898787216697,0.11111111111111112,0.11111111111111112,0.0847457627118644
ck26_INFAI-ETI-AND-FRIENDS-A_ck26:43-en,1.0,0.024971678202179277,0.0,0.19637780931708043,0.19637780931708043,0.4,0.4,0.15789473684210525
ck26_INFAI-ETI-AND-FRIENDS-A_ck26:44-en,0.7559055118110236,0.1138992567675251,0.0,0.06432360421430014,0.06432360421430014,0.3225806451612903,0.3225806451612903,0.12000000000000002
ck26_INFAI-ETI-AND-FRIENDS-A_ck26:45-en,1.0,0.38951748797593366,1.0,1.0,1.0,1.0,1.0,0.33766233766233766
ck26_INFAI-ETI-AND-FRIENDS-A_ck26:46-en,1.0,0.25264736339869626,1.0,1.0,1.0,1.0,1.0,0.16666666666666666
ck26_INFAI-ETI-AND-FRIENDS-A_ck26:47-en,0.0,0.07063878852156036,0.0,0.3018129493172446,0.3018129493172446,0.39999999999999997,0.39999999999999997,0.32142857142857145
ck26_INFAI-ETI-AND-FRIENDS-A_ck26:48-en,0.0,0.15965966146432164,0.0,0.1884474117972798,0.1884474117972798,0.6326530612244898,0.6326530612244898,0.24242424242424243
ck26_INFAI-ETI-AND-FRIENDS-A_ck26:49-en,1.0,0.3478125761163508,1.0,0.5721248424548514,0.5721248424548514,0.6557377049180327,0.6557377049180327,0.3389830508474576
ck26_INFAI-ETI-AND-FRIENDS-A_ck26:5-en,1.0,0.055165880563672894,1.0,1.0,1.0,1.0,1.0,0.26666666666666666
ck26_INFAI-ETI-AND-FRIENDS-A_ck26:50-en,0.0,0.025651342273789797,0.0,0.07652358312564979,0.07652358312564979,0.16666666666666666,0.16666666666666666,0.08
ck26_INFAI-ETI-AND-FRIENDS-A_ck26:6-en,1.0,0.13243122130715332,1.0,0.6315552371794037,0.6315552371794037,0.8181818181818181,0.8181818181818181,0.4166666666666667
ck26_INFAI-ETI-AND-FRIENDS-A_ck26:7-en,1.0,0.06660854928710955,1.0,1.0,1.0,1.0,1.0,0.35999999999999993
ck26_INFAI-ETI-AND-FRIENDS-A_ck26:8-en,1.0,0.03925446820001179,1.0,0.05600374888575559,0.05600374888575559,0.37499999999999994,0.37499999999999994,0.29032258064516125
ck26_INFAI-ETI-AND-FRIENDS-A_ck26:9-en,1.0,0.14913041249319167,1.0,0.4049116787132508,0.4049116787132508,0.4864864864864865,0.4864864864864865,0.25974025974025977
ck26_INFAI-ETI-AND-FRIENDS-B_ck26:1-en,0.0,0.04114212836378983,0.0,0.3291467773009902,0.3291467773009902,0.16666666666666666,0.16666666666666666,0.10416666666666666
ck26_INFAI-ETI-AND-FRIENDS-B_ck26:10-en,0.0,0.0,0.0,0.0,0.0,0.0,0.0,0.0
ck26_INFAI-ETI-AND-FRIENDS-B_ck26:11-en,0.6666666666666666,0.0331139251349263,0.0,0.03641712493031983,0.03641712493031983,0.22535211267605634,0.22535211267605634,0.07960199004975124
ck26_INFAI-ETI-AND-FRIENDS-B_ck26:12-en,0.0,0.04984649791742934,0.0,0.17729842264695017,0.17729842264695017,0.3050847457627119,0.3050847457627119,0.09137055837563453
ck26_INFAI-ETI-AND-FRIENDS-B_ck26:13-en,0.0,0.11098603838270708,0.0,0.4918537211621339,0.4918537211621339,0.4255319148936171,0.4255319148936171,0.07734806629834255
ck26_INFAI-ETI-AND-FRIENDS-B_ck26:14-en,0.0,0.0,0.0,0.0,0.0,0.0,0.0,0.0
ck26_INFAI-ETI-AND-FRIENDS-B_ck26:15-en,0.0,0.1361325692962512,0.0,0.17547209908035757,0.17547209908035757,0.23,0.23,0.09420289855072463
ck26_INFAI-ETI-AND-FRIENDS-B_ck26:16-en,0.0,0.029242000451898918,0.0,0.11044506896905561,0.11044506896905561,0.5263157894736842,0.5263157894736842,0.05681818181818182
ck26_INFAI-ETI-AND-FRIENDS-B_ck26:17-en,0.0,0.0,0.0,0.0,0.0,0.0,0.0,0.0
ck26_INFAI-ETI-AND-FRIENDS-B_ck26:18-en,0.0,0.0,0.0,0.0,0.0,0.0,0.0,0.0
ck26_INFAI-ETI-AND-FRIENDS-B_ck26:19-en,0.0,0.15993626831508873,0.0,0.3652779667133232,0.3652779667133232,0.32786885245901637,0.32786885245901637,0.0962566844919786
ck26_INFAI-ETI-AND-FRIENDS-B_ck26:2-en,0.0,0.02810072130276062,0.0,0.05090643635966016,0.05090643635966016,0.1904761904761905,0.1904761904761905,0.05555555555555555
ck26_INFAI-ETI-AND-FRIENDS-B_ck26:20-en,0.0,0.0,0.0,0.0,0.0,0.0,0.0,0.0
ck26_INFAI-ETI-AND-FRIENDS-B_ck26:21-en,0.0,0.10498997745973271,0.0,0.3265462321240372,0.3265462321240372,0.2809917355371901,0.2809917355371901,0.05857740585774059
ck26_INFAI-ETI-AND-FRIENDS-B_ck26:22-en,0.0,0.0,0.0,0.0,0.0,0.0,0.0,0.0
ck26_INFAI-ETI-AND-FRIENDS-B_ck26:23-en,0.0,0.0691534451192778,0.0,0.40472720024780906,0.40472720024780906,0.674698795180723,0.674698795180723,0.10138248847926266
ck26_INFAI-ETI-AND-FRIENDS-B_ck26:24-en,0.0,0.0,0.0,0.0,0.0,0.0,0.0,0.0
ck26_INFAI-ETI-AND-FRIENDS-B_ck26:25-en,0.0,0.0,0.0,0.0,0.0,0.0,0.0,0.0
ck26_INFAI-ETI-AND-FRIENDS-B_ck26:26-en,1.0,0.04890348401717557,1.0,0.3392232499261088,0.3392232499261088,0.625,0.625,0.1111111111111111
ck26_INFAI-ETI-AND-FRIENDS-B_ck26:27-en,0.8478964401294499,0.1755599467581271,0.0,0.3092923161850889,0.3092923161850889,0.27419354838709675,0.27419354838709675,0.15254237288135591
ck26_INFAI-ETI-AND-FRIENDS-B_ck26:28-en,0.0,0.12932954194515578,0.0,0.15980638418273171,0.15980638418273171,0.47368421052631576,0.47368421052631576,0.06324110671936758
ck26_INFAI-ETI-AND-FRIENDS-B_ck26:29-en,0.0,0.0,0.0,0.0,0.0,0.0,0.0,0.0
ck26_INFAI-ETI-AND-FRIENDS-B_ck26:3-en,0.0,0.029671370021018564,0.0,0.5133450480401704,0.5133450480401704,0.380952380952381,0.380952380952381,0.1092896174863388
ck26_INFAI-ETI-AND-FRIENDS-B_ck26:30-en,0.4761904761904762,0.12767987728968533,0.0,0.41037800886487863,0.41037800886487863,0.24719101123595508,0.24719101123595508,0.04672897196261682
ck26_INFAI-ETI-AND-FRIENDS-B_ck26:31-en,0.0,0.031928583755902434,0.0,0.05401450922909956,0.05401450922909956,0.28947368421052627,0.28947368421052627,0.04975124378109452
ck26_INFAI-ETI-AND-FRIENDS-B_ck26:32-en,0.0,0.1290528108513934,0.0,0.1198596902644627,0.1198596902644627,0.3539823008849558,0.3539823008849558,0.06481481481481481
ck26_INFAI-ETI-AND-FRIENDS-B_ck26:33-en,0.0,0.13674406678232567,0.0,0.3400215619680846,0.3400215619680846,0.5555555555555555,0.5555555555555555,0.16000000000000003
ck26_INFAI-ETI-AND-FRIENDS-B_ck26:34-en,0.8350923482849605,0.052757762671119944,1.0,0.20374101738243178,0.20374101738243178,0.4854368932038835,0.4854368932038835,0.06511627906976744
ck26_INFAI-ETI-AND-FRIENDS-B_ck26:35-en,0.0,0.0,0.0,0.0,0.0,0.0,0.0,0.0
ck26_INFAI-ETI-AND-FRIENDS-B_ck26:36-en,0.0,0.06476745499054047,0.0,0.20959301828483506,0.20959301828483506,0.2626262626262626,0.2626262626262626,0.09606986899563319
ck26_INFAI-ETI-AND-FRIENDS-B_ck26:37-en,0.8444444444444443,0.2627370515055437,0.0,0.3401115743021018,0.3401115743021018,0.27522935779816515,0.27522935779816515,0.14634146341463417
ck26_INFAI-ETI-AND-FRIENDS-B_ck26:38-en,0.0,0.0,0.0,0.0,0.0,0.0,0.0,0.0
ck26_INFAI-ETI-AND-FRIENDS-B_ck26:39-en,0.0,0.06987819057784406,0.0,0.05885682559367141,0.05885682559367141,0.2537313432835821,0.2537313432835821,0.05150214592274678
ck26_INFAI-ETI-AND-FRIENDS-B_ck26:4-en,0.0,0.07793471213139401,0.0,0.06326667778580748,0.06326667778580748,0.1142857142857143,0.1142857142857143,0.059405940594059396
ck26_INFAI-ETI-AND-FRIENDS-B_ck26:40-en,0.0,0.0659121018745479,0.0,0.05051507614127249,0.05051507614127249,0.2564102564102564,0.2564102564102564,0.04545454545454545
ck26_INFAI-ETI-AND-FRIENDS-B_ck26:41-en,0.48000000000000004,0.05379900655734257,0.0,0.11570001767595268,0.11570001767595268,0.2439024390243902,0.2439024390243902,0.0398406374501992
ck26_INFAI-ETI-AND-FRIENDS-B_ck26:42-en,0.0,0.21721148967778778,0.0,0.08339862466541856,0.08339862466541856,0.2887700534759359,0.2887700534759359,0.1209964412811388
ck26_INFAI-ETI-AND-FRIENDS-B_ck26:43-en,0.038834951456310676,0.03634467254249595,0.0,0.23713320246552005,0.23713320246552005,0.3414634146341463,0.3414634146341463,0.056179775280898875
ck26_INFAI-ETI-AND-FRIENDS-B_ck26:44-en,0.0,0.0,0.0,0.0,0.0,0.0,0.0,0.0
ck26_INFAI-ETI-AND-FRIENDS-B_ck26:45-en,0.0,0.0,0.0,0.0,0.0,0.0,0.0,0.0
ck26_INFAI-ETI-AND-FRIENDS-B_ck26:46-en,0.0,0.09633902946926692,0.0,0.3065153185087319,0.3065153185087319,0.2105263157894737,0.2105263157894737,0.05181347150259067
ck26_INFAI-ETI-AND-FRIENDS-B_ck26:47-en,1.0,0.22447869460307154,1.0,1.0,1.0,1.0,1.0,0.2571428571428571
ck26_INFAI-ETI-AND-FRIENDS-B_ck26:48-en,0.0,0.15556682049500933,0.0,0.3247977183883475,0.3247977183883475,0.6067415730337078,0.6067415730337078,0.15000000000000002
ck26_INFAI-ETI-AND-FRIENDS-B_ck26:49-en,0.0,0.0,0.0,0.0,0.0,0.0,0.0,0.0
ck26_INFAI-ETI-AND-FRIENDS-B_ck26:5-en,0.6666666666666666,0.032189756403687736,1.0,0.13102495978815187,0.13102495978815187,0.25,0.25,0.08247422680412371
ck26_INFAI-ETI-AND-FRIENDS-B_ck26:50-en,1.0,0.13050875138844037,1.0,0.7365589940842712,0.7365589940842712,0.5964912280701754,0.5964912280701754,0.07253886010362694
ck26_INFAI-ETI-AND-FRIENDS-B_ck26:6-en,0.8333333333333333,0.03011834967182607,0.0,0.5331675363405771,0.5331675363405771,0.8205128205128205,0.8205128205128205,0.143646408839779
ck26_INFAI-ETI-AND-FRIENDS-B_ck26:7-en,1.0,0.03311512459812993,1.0,0.0259382976973207,0.0259382976973207,0.2278481012658228,0.2278481012658228,0.0784313725490196
ck26_INFAI-ETI-AND-FRIENDS-B_ck26:8-en,0.0,0.02710170511961123,0.0,0.4854917717073234,0.4854917717073234,0.21621621621621623,0.21621621621621623,0.08988764044943821
ck26_INFAI-ETI-AND-FRIENDS-B_ck26:9-en,0.0,0.0,0.0,0.0,0.0,0.0,0.0,0.0
ck26_INFAI-ETI-AND-FRIENDS-C_ck26:1-en,0.6666666666666666,0.022378387033642973,0.0,0.03186953749532743,0.03186953749532743,0.2580645161290323,0.2580645161290323,0.05291005291005291
ck26_INFAI-ETI-AND-FRIENDS-C_ck26:10-en,0.0,0.04303022129037125,0.0,0.5168242559252793,0.5168242559252793,0.7837837837837839,0.7837837837837839,0.196078431372549
ck26_INFAI-ETI-AND-FRIENDS-C_ck26:11-en,1.0,0.04158061044130367,1.0,0.722160038719837,0.722160038719837,0.9285714285714286,0.9285714285714286,0.1368421052631579
ck26_INFAI-ETI-AND-FRIENDS-C_ck26:12-en,1.0,0.034336750803403454,1.0,1.0,1.0,1.0,1.0,0.13903743315508021
ck26_INFAI-ETI-AND-FRIENDS-C_ck26:13-en,0.0,0.06471293257861663,0.0,0.3086883400264,0.3086883400264,0.34782608695652173,0.34782608695652173,0.05555555555555555
ck26_INFAI-ETI-AND-FRIENDS-C_ck26:14-en,1.0,0.04502373555813039,1.0,0.070061422004704,0.070061422004704,0.34146341463414637,0.34146341463414637,0.06
ck26_INFAI-ETI-AND-FRIENDS-C_ck26:15-en,0.5,0.03529536892493181,1.0,0.17717757843038673,0.17717757843038673,0.4064171122994652,0.4064171122994652,0.11206896551724138
ck26_INFAI-ETI-AND-FRIENDS-C_ck26:16-en,0.0,0.02341481119039933,0.0,0.03665517295355458,0.03665517295355458,0.372093023255814,0.372093023255814,0.05714285714285714
ck26_INFAI-ETI-AND-FRIENDS-C_ck26:17-en,1.0,0.055305522666927766,1.0,0.11938182130178442,0.11938182130178442,0.4878048780487805,0.4878048780487805,0.057803468208092484
ck26_INFAI-ETI-AND-FRIENDS-C_ck26:18-en,1.0,0.06221774912108136,1.0,0.5991091469959346,0.5991091469959346,0.7764705882352941,0.7764705882352941,0.12682926829268293
ck26_INFAI-ETI-AND-FRIENDS-C_ck26:19-en,0.6666666666666666,0.10314902342746934,1.0,0.9276077030810346,0.9276077030810346,0.9428571428571428,0.9428571428571428,0.05235602094240837
ck26_INFAI-ETI-AND-FRIENDS-C_ck26:2-en,1.0,0.0567967744513558,1.0,1.0,1.0,1.0,1.0,0.17486338797814208
ck26_INFAI-ETI-AND-FRIENDS-C_ck26:20-en,0.07407407407407407,0.11841058428636626,0.0,0.5418307027772188,0.5418307027772188,0.6170212765957446,0.6170212765957446,0.06965174129353234
ck26_INFAI-ETI-AND-FRIENDS-C_ck26:21-en,0.15384615384615385,0.10686463801687589,0.0,0.33415824198654515,0.33415824198654515,0.3050847457627119,0.3050847457627119,0.08438818565400844
ck26_INFAI-ETI-AND-FRIENDS-C_ck26:22-en,0.6666666666666666,0.0527095766677426,1.0,0.14101863337620468,0.14101863337620468,0.5652173913043479,0.5652173913043479,0.15217391304347827
ck26_INFAI-ETI-AND-FRIENDS-C_ck26:23-en,0.2857142857142857,0.05174637617311546,0.0,0.3527295712700594,0.3527295712700594,0.4324324324324324,0.4324324324324324,0.15
ck26_INFAI-ETI-AND-FRIENDS-C_ck26:24-en,0.04166666666666667,0.03847619718640044,0.0,0.125846324474831,0.125846324474831,0.30769230769230765,0.30769230769230765,0.0653061224489796
ck26_INFAI-ETI-AND-FRIENDS-C_ck26:25-en,0.039999999999999994,0.0895689148508178,0.0,0.1702227105083055,0.1702227105083055,0.4235294117647058,0.4235294117647058,0.07971014492753623
ck26_INFAI-ETI-AND-FRIENDS-C_ck26:26-en,0.6666666666666666,0.04043238981439582,1.0,0.24688498672025874,0.24688498672025874,0.7628865979381444,0.7628865979381444,0.13333333333333336
ck26_INFAI-ETI-AND-FRIENDS-C_ck26:27-en,0.36697247706422015,0.19919099291160353,0.0,0.2410685431197405,0.2410685431197405,0.3636363636363636,0.3636363636363636,0.17316017316017318
ck26_INFAI-ETI-AND-FRIENDS-C_ck26:28-en,0.0,0.036822122694781016,0.0,0.08328257957355033,0.08328257957355033,0.4413793103448276,0.4413793103448276,0.040485829959514164
ck26_INFAI-ETI-AND-FRIENDS-C_ck26:29-en,0.12903225806451615,0.1031310131039393,0.0,0.13562734763784914,0.13562734763784914,0.32098765432098764,0.32098765432098764,0.04918032786885246
ck26_INFAI-ETI-AND-FRIENDS-C_ck26:3-en,1.0,0.055088110230440156,1.0,0.5331675363405771,0.5331675363405771,0.8372093023255814,0.8372093023255814,0.17297297297297298
ck26_INFAI-ETI-AND-FRIENDS-C_ck26:30-en,0.4761904761904762,0.120669689417967,0.0,0.21894254112401984,0.21894254112401984,0.19753086419753085,0.19753086419753085,0.05660377358490566
ck26_INFAI-ETI-AND-FRIENDS-C_ck26:31-en,0.0,0.15949072458566857,0.0,0.17323187604549883,0.17323187604549883,0.27878787878787875,0.27878787878787875,0.10038610038610038
ck26_INFAI-ETI-AND-FRIENDS-C_ck26:32-en,0.4106280193236715,0.1710918721878417,0.0,0.40448711650793934,0.40448711650793934,0.3333333333333333,0.3333333333333333,0.06278026905829596
ck26_INFAI-ETI-AND-FRIENDS-C_ck26:33-en,0.0,0.17674698180225415,0.0,0.4894535962186887,0.4894535962186887,0.7666666666666666,0.7666666666666666,0.17733990147783255
ck26_INFAI-ETI-AND-FRIENDS-C_ck26:34-en,0.11713030746705709,0.07062347082183232,0.0,0.07530986630324828,0.07530986630324828,0.4444444444444445,0.4444444444444445,0.07655502392344497
ck26_INFAI-ETI-AND-FRIENDS-C_ck26:35-en,0.04007071302298173,0.0717900175814847,0.0,0.07036805162222984,0.07036805162222984,0.2929936305732484,0.2929936305732484,0.1087866108786611
ck26_INFAI-ETI-AND-FRIENDS-C_ck26:36-en,0.125,0.08266480727923628,0.0,0.09194966189568733,0.09194966189568733,0.13636363636363635,0.13636363636363635,0.07207207207207209
ck26_INFAI-ETI-AND-FRIENDS-C_ck26:37-en,0.42105263157894735,0.3440781253898833,0.0,0.3191911478844275,0.3191911478844275,0.3333333333333333,0.3333333333333333,0.2297872340425532
ck26_INFAI-ETI-AND-FRIENDS-C_ck26:38-en,0.9597315436241611,0.1227632224134421,0.0,0.10166853707819865,0.10166853707819865,0.43113772455089816,0.43113772455089816,0.11336032388663968
ck26_INFAI-ETI-AND-FRIENDS-C_ck26:39-en,1.0,0.2983455194780056,1.0,0.31151489708327085,0.31151489708327085,0.5652173913043478,0.5652173913043478,0.21596244131455397
ck26_INFAI-ETI-AND-FRIENDS-C_ck26:4-en,1.0,0.03980122623738755,1.0,0.13759957472907217,0.13759957472907217,0.2528735632183908,0.2528735632183908,0.05076142131979695
ck26_INFAI-ETI-AND-FRIENDS-C_ck26:40-en,0.07608695652173914,0.06246623356680661,0.0,0.10540405058616682,0.10540405058616682,0.3269230769230769,0.3269230769230769,0.07441860465116279
ck26_INFAI-ETI-AND-FRIENDS-C_ck26:41-en,0.48000000000000004,0.05257598815867606,0.0,0.24281801964740535,0.24281801964740535,0.27777777777777773,0.27777777777777773,0.038910505836575876
ck26_INFAI-ETI-AND-FRIENDS-C_ck26:42-en,0.09090909090909091,0.20856282862811348,0.0,0.10124290703237407,0.10124290703237407,0.3076923076923077,0.3076923076923077,0.15053763440860216
ck26_INFAI-ETI-AND-FRIENDS-C_ck26:43-en,1.0,0.09729926430767476,1.0,0.533427681593061,0.533427681593061,0.5333333333333333,0.5333333333333333,0.054945054945054944
ck26_INFAI-ETI-AND-FRIENDS-C_ck26:44-en,1.0,0.2626905267419996,1.0,0.1094478057181661,0.1094478057181661,0.2638888888888889,0.2638888888888889,0.1475409836065574
ck26_INFAI-ETI-AND-FRIENDS-C_ck26:45-en,0.19999999999999998,0.05246502959462402,0.0,0.31181814978096556,0.31181814978096556,0.6000000000000001,0.6000000000000001,0.12264150943396228
ck26_INFAI-ETI-AND-FRIENDS-C_ck26:46-en,1.0,0.10175552214705041,1.0,0.5041566170114462,0.5041566170114462,0.4,0.4,0.05102040816326531
ck26_INFAI-ETI-AND-FRIENDS-C_ck26:47-en,1.0,0.1526889170908157,1.0,1.0,1.0,1.0,1.0,0.19801980198019803
ck26_INFAI-ETI-AND-FRIENDS-C_ck26:48-en,1.0,0.17147558406763602,1.0,0.1422587513325856,0.1422587513325856,0.6078431372549019,0.6078431372549019,0.1642512077294686
ck26_INFAI-ETI-AND-FRIENDS-C_ck26:49-en,1.0,0.11761925555503866,1.0,0.4938413945711103,0.4938413945711103,0.6666666666666666,0.6666666666666666,0.1443298969072165
ck26_INFAI-ETI-AND-FRIENDS-C_ck26:5-en,1.0,0.0567967744513558,1.0,1.0,1.0,1.0,1.0,0.1452513966480447
ck26_INFAI-ETI-AND-FRIENDS-C_ck26:50-en,0.8,0.09121841701795402,0.0,0.053560155854066274,0.053560155854066274,0.0898876404494382,0.0898876404494382,0.06481481481481481
ck26_INFAI-ETI-AND-FRIENDS-C_ck26:6-en,0.4444444444444445,0.024591103315437558,0.0,0.037899480741289376,0.037899480741289376,0.4333333333333334,0.4333333333333334,0.13541666666666666
ck26_INFAI-ETI-AND-FRIENDS-C_ck26:7-en,0.6666666666666666,0.033587260915284564,1.0,0.08525113369830635,0.08525113369830635,0.5151515151515151,0.5151515151515151,0.125
ck26_INFAI-ETI-AND-FRIENDS-C_ck26:8-en,0.0,0.0,0.0,0.0,0.0,0.0,0.0,0.0
ck26_INFAI-ETI-AND-FRIENDS-C_ck26:9-en,1.0,0.054165263161405526,1.0,0.4521502877262322,0.4521502877262322,0.7837837837837838,0.7837837837837838,0.18357487922705315
ck26_IRIS_ck26:1-en,1.0,0.21219964932642627,1.0,0.05642889855976821,0.05642889855976821,0.3902439024390244,0.3902439024390244,0.32967032967032966
ck26_IRIS_ck26:10-en,0.0,0.18218855324089384,0.0,0.32631104091886703,0.32631104091886703,0.6133333333333334,0.6133333333333334,0.20930232558139533
ck26_IRIS_ck26:11-en,0.0,0.06672319655621398,0.0,0.02685412578518139,0.02685412578518139,0.23529411764705885,0.23529411764705885,0.15789473684210525
ck26_IRIS_ck26:12-en,1.0,0.1560300897543961,1.0,0.07314616394008291,0.07314616394008291,0.23333333333333334,0.23333333333333334,0.22222222222222224
ck26_IRIS_ck26:13-en,0.0,0.17820035757960134,0.0,0.4918537211621339,0.4918537211621339,0.4255319148936171,0.4255319148936171,0.11666666666666668
ck26_IRIS_ck26:14-en,0.0,0.1589341979924816,0.0,0.1577799153853478,0.1577799153853478,0.34146341463414637,0.34146341463414637,0.18705035971223022
ck26_IRIS_ck26:15-en,0.0,0.25757452983700585,0.0,0.17697829470369117,0.17697829470369117,0.20689655172413793,0.20689655172413793,0.16551724137931034
ck26_IRIS_ck26:16-en,1.0,0.03715266861072996,1.0,0.044822796274137544,0.044822796274137544,0.25396825396825395,0.25396825396825395,0.08
ck26_IRIS_ck26:17-en,0.0,0.26442960840784246,0.0,0.12623090722170346,0.12623090722170346,0.4230769230769231,0.4230769230769231,0.1707317073170732
ck26_IRIS_ck26:18-en,0.0,0.0672817666611051,0.0,0.021277287888793746,0.021277287888793746,0.1568627450980392,0.1568627450980392,0.125
ck26_IRIS_ck26:19-en,1.0,0.31707670725446385,1.0,1.0,1.0,1.0,1.0,0.19548872180451127
ck26_IRIS_ck26:2-en,1.0,0.25315800639420233,1.0,1.0,1.0,1.0,1.0,0.32
ck26_IRIS_ck26:20-en,0.0,0.12932954194515578,0.0,0.15382394221687878,0.15382394221687878,0.3333333333333333,0.3333333333333333,0.13740458015267173
ck26_IRIS_ck26:21-en,0.0,0.13229269219304757,0.0,0.15806640848482514,0.15806640848482514,0.27586206896551724,0.27586206896551724,0.11518324607329843
ck26_IRIS_ck26:22-en,1.0,0.3284658467710531,1.0,0.41705072916341307,0.41705072916341307,0.6666666666666666,0.6666666666666666,0.48
ck26_IRIS_ck26:23-en,1.0,0.061449845918682376,1.0,0.013505022310520339,0.013505022310520339,0.1358695652173913,0.1358695652173913,0.20472440944881887
ck26_IRIS_ck26:24-en,0.0,0.2507245725269709,0.0,0.4413713504244445,0.4413713504244445,0.3409090909090909,0.3409090909090909,0.1834862385321101
ck26_IRIS_ck26:25-en,0.0,0.0719352710009014,0.0,0.03625164270250917,0.03625164270250917,0.11570247933884298,0.11570247933884298,0.11055276381909548
ck26_IRIS_ck26:26-en,0.8695652173913044,0.22493325380901014,0.0,0.027444698315820776,0.027444698315820776,0.29357798165137616,0.29357798165137616,0.25490196078431376
ck26_IRIS_ck26:27-en,0.7552447552447552,0.3228249217325086,0.0,0.2003909294022605,0.2003909294022605,0.3620689655172413,0.3620689655172413,0.25242718446601936
ck26_IRIS_ck26:28-en,0.0,0.05146332709609109,0.0,0.06017201572251671,0.06017201572251671,0.3759398496240602,0.3759398496240602,0.1692307692307692
ck26_IRIS_ck26:29-en,0.0,0.2363657044326141,0.0,0.2724028319802155,0.2724028319802155,0.3973509933774834,0.3973509933774834,0.17142857142857143
ck26_IRIS_ck26:3-en,1.0,0.14283896838348376,1.0,1.0,1.0,1.0,1.0,0.23333333333333334
ck26_IRIS_ck26:30-en,0.0,0.37642277749736935,0.0,0.42058147877496527,0.42058147877496527,0.4536082474226804,0.4536082474226804,0.22500000000000003
ck26_IRIS_ck26:31-en,0.0,0.2689773304592486,0.0,0.12037646514771759,0.12037646514771759,0.29299363057324845,0.29299363057324845,0.2439024390243902
ck26_IRIS_ck26:32-en,0.0,0.32303764169931143,0.0,0.4383653139131957,0.4383653139131957,0.39694656488549623,0.39694656488549623,0.23076923076923075
ck26_IRIS_ck26:33-en,0.0,0.2509198578503988,0.0,0.44300069361967526,0.44300069361967526,0.6250000000000001,0.6250000000000001,0.30656934306569344
ck26_IRIS_ck26:34-en,0.8345418589321028,0.19060221388025358,1.0,0.38388219173607735,0.38388219173607735,0.5714285714285715,0.5714285714285715,0.24299065420560748
ck26_IRIS_ck26:35-en,0.0,0.07797914062888713,0.0,0.050594623363485136,0.050594623363485136,0.24186046511627904,0.24186046511627904,0.17674418604651163
ck26_IRIS_ck26:36-en,0.0,0.08336142186615939,0.0,0.09969083419534838,0.09969083419534838,0.19354838709677422,0.19354838709677422,0.13836477987421383
ck26_IRIS_ck26:37-en,0.0,0.4229093525403166,0.0,0.31518748747255526,0.31518748747255526,0.2935779816513761,0.2935779816513761,0.3211678832116789
ck26_IRIS_ck26:38-en,0.7867867867867868,0.34522096663812196,0.0,0.13766638772534812,0.13766638772534812,0.33155080213903737,0.33155080213903737,0.21428571428571427
ck26_IRIS_ck26:39-en,0.22399999999999998,0.23636441127979887,0.0,0.20035549410238615,0.20035549410238615,0.4,0.4,0.3368421052631579
ck26_IRIS_ck26:4-en,0.0,0.04745085851562458,0.0,0.03846055280623641,0.03846055280623641,0.24615384615384617,0.24615384615384617,0.09433962264150943
ck26_IRIS_ck26:40-en,0.0,0.16054609526993777,0.0,0.04843483824567993,0.04843483824567993,0.2773722627737226,0.2773722627737226,0.27692307692307694
ck26_IRIS_ck26:41-en,0.0,0.07668921551355516,0.0,0.12268120311098377,0.12268120311098377,0.19108280254777069,0.19108280254777069,0.13836477987421383
ck26_IRIS_ck26:42-en,0.0,0.13138145482826083,0.0,0.058476650027329664,0.058476650027329664,0.21468926553672316,0.21468926553672316,0.28571428571428575
ck26_IRIS_ck26:43-en,0.0,0.15065202446392845,0.0,0.3246125979239547,0.3246125979239547,0.2545454545454546,0.2545454545454546,0.12698412698412698
ck26_IRIS_ck26:44-en,0.006189213085764811,0.1872793461107921,0.0,0.2679123407207443,0.2679123407207443,0.33695652173913043,0.33695652173913043,0.10404624277456646
ck26_IRIS_ck26:45-en,0.0,0.12260545437690408,0.0,0.13909880484338163,0.13909880484338163,0.2222222222222222,0.2222222222222222,0.1694915254237288
ck26_IRIS_ck26:46-en,0.0,0.20877456444847484,0.0,0.2496128244178526,0.2496128244178526,0.23809523809523808,0.23809523809523808,0.10958904109589042
ck26_IRIS_ck26:47-en,0.0,0.17714787947168362,0.0,0.2519921893632722,0.2519921893632722,0.5087719298245614,0.5087719298245614,0.3111111111111111
ck26_IRIS_ck26:48-en,0.0,0.10291230868882344,0.0,0.06879811951189994,0.06879811951189994,0.27884615384615385,0.27884615384615385,0.16867469879518074
ck26_IRIS_ck26:49-en,0.0,0.05365548967545591,0.0,0.09314261026356355,0.09314261026356355,0.29824561403508776,0.29824561403508776,0.13513513513513514
ck26_IRIS_ck26:5-en,0.0,0.1050607902226549,0.0,0.03931435724915834,0.03931435724915834,0.11538461538461539,0.11538461538461539,0.17460317460317462
ck26_IRIS_ck26:50-en,0.0,0.26027551815267186,0.0,0.29816567077903333,0.29816567077903333,0.1492537313432836,0.1492537313432836,0.11594202898550726
ck26_IRIS_ck26:6-en,0.0,0.25678404806291744,0.0,0.43361890903486755,0.43361890903486755,0.4761904761904762,0.4761904761904762,0.30303030303030304
ck26_IRIS_ck26:7-en,0.0,0.08767210132815903,0.0,0.021859291004686747,0.021859291004686747,0.27118644067796616,0.27118644067796616,0.23404255319148934
ck26_IRIS_ck26:8-en,1.0,0.12723416043294183,1.0,0.04080467012111698,0.04080467012111698,0.3050847457627119,0.3050847457627119,0.2535211267605634
ck26_IRIS_ck26:9-en,1.0,0.04778229591612814,1.0,0.05549830293511018,0.05549830293511018,0.06896551724137931,0.06896551724137931,0.15238095238095237
ck26_LIBER-AI-CLAUDE_ck26:1-en,0.0,0.1105160279821551,0.0,0.4089601472043678,0.4089601472043678,0.5333333333333333,0.5333333333333333,0.41379310344827586
ck26_LIBER-AI-CLAUDE_ck26:10-en,1.0,0.024008759245776976,1.0,0.02922433102797506,0.02922433102797506,0.16,0.16,0.10204081632653061
ck26_LIBER-AI-CLAUDE_ck26:11-en,0.0,0.030485500959301148,0.0,0.12503053621822974,0.12503053621822974,0.2857142857142857,0.2857142857142857,0.14285714285714285
ck26_LIBER-AI-CLAUDE_ck26:12-en,0.0,0.03381254371744086,0.0,0.18012107375362468,0.18012107375362468,0.22222222222222224,0.22222222222222224,0.09523809523809523
ck26_LIBER-AI-CLAUDE_ck26:13-en,0.0,0.12936680164974748,0.0,0.15233479288870636,0.15233479288870636,0.4186046511627907,0.4186046511627907,0.14285714285714282
ck26_LIBER-AI-CLAUDE_ck26:14-en,0.0,0.04446858405976137,0.0,0.11031958317774526,0.11031958317774526,0.379746835443038,0.379746835443038,0.13157894736842105
ck26_LIBER-AI-CLAUDE_ck26:15-en,0.0,0.1347559786981746,0.0,0.20743146538486143,0.20743146538486143,0.3583333333333333,0.3583333333333333,0.08403361344537816
ck26_LIBER-AI-CLAUDE_ck26:16-en,1.0,0.14407770952973062,1.0,0.29377167835760565,0.29377167835760565,0.6666666666666667,0.6666666666666667,0.18750000000000003
ck26_LIBER-AI-CLAUDE_ck26:17-en,0.0,0.06531661674155022,0.0,0.38503228868787126,0.38503228868787126,0.5777777777777778,0.5777777777777778,0.13333333333333333
ck26_LIBER-AI-CLAUDE_ck26:18-en,0.6666666666666666,0.17896501854656124,1.0,0.5009718769021604,0.5009718769021604,0.5952380952380952,0.5952380952380952,0.13333333333333333
ck26_LIBER-AI-CLAUDE_ck26:19-en,0.0,0.20988785322505515,0.0,0.1821038896383151,0.0,0.32098765432098764,0.0,0.08219178082191779
ck26_LIBER-AI-CLAUDE_ck26:2-en,1.0,0.14010300531454548,1.0,1.0,1.0,1.0,1.0,0.5581395348837209
ck26_LIBER-AI-CLAUDE_ck26:20-en,0.0,0.2603275003197096,0.0,0.1690979933029136,0.0,0.3434343434343434,0.0,0.0689655172413793
ck26_LIBER-AI-CLAUDE_ck26:21-en,0.0,0.17602516382889613,0.0,0.1341662253611149,0.0,0.31147540983606553,0.0,0.10169491525423728
ck26_LIBER-AI-CLAUDE_ck26:22-en,0.0,0.13243122130715332,0.0,0.3541698766144061,0.3541698766144061,0.5957446808510638,0.5957446808510638,0.39999999999999997
ck26_LIBER-AI-CLAUDE_ck26:23-en,0.0,0.12347053564371155,0.0,0.3014335251508215,0.3014335251508215,0.5747126436781609,0.5747126436781609,0.24691358024691357
ck26_LIBER-AI-CLAUDE_ck26:24-en,0.0,0.21295909474687524,0.0,0.0842160494068148,0.0,0.2542372881355932,0.0,0.16806722689075632
ck26_LIBER-AI-CLAUDE_ck26:25-en,0.0,0.18748020694582768,0.0,0.06570309311700068,0.0,0.326241134751773,0.0,0.12903225806451615
ck26_LIBER-AI-CLAUDE_ck26:26-en,1.0,0.06379166577622851,1.0,0.4507482544534971,0.4507482544534971,0.7391304347826088,0.7391304347826088,0.23809523809523808
ck26_LIBER-AI-CLAUDE_ck26:27-en,0.7552447552447552,0.2431587944903822,0.0,0.1606997596079243,0.1606997596079243,0.33333333333333337,0.33333333333333337,0.14035087719298245
ck26_LIBER-AI-CLAUDE_ck26:28-en,1.0,0.024888704326967787,1.0,0.09576696934047421,0.09576696934047421,0.40462427745664736,0.40462427745664736,0.078125
ck26_LIBER-AI-CLAUDE_ck26:29-en,0.12903225806451615,0.15829971747172958,0.0,0.28907960776316954,0.28907960776316954,0.4285714285714286,0.4285714285714286,0.06666666666666667
ck26_LIBER-AI-CLAUDE_ck26:3-en,0.0,0.13243122130715332,0.0,0.3541698766144061,0.3541698766144061,0.6274509803921569,0.6274509803921569,0.4444444444444444
ck26_LIBER-AI-CLAUDE_ck26:30-en,0.6250000000000001,0.39292940830773376,0.0,0.5018967764746899,0.5018967764746899,0.31578947368421056,0.31578947368421056,0.19444444444444445
ck26_LIBER-AI-CLAUDE_ck26:31-en,0.35,0.2458399311221511,0.0,0.13830728950210197,0.13830728950210197,0.2978723404255319,0.2978723404255319,0.1702127659574468
ck26_LIBER-AI-CLAUDE_ck26:32-en,0.4106280193236715,0.25929108310665716,0.0,0.5204697788239633,0.5204697788239633,0.4090909090909091,0.4090909090909091,0.0909090909090909
ck26_LIBER-AI-CLAUDE_ck26:33-en,1.0,0.20396704171050042,1.0,0.309847109179001,0.309847109179001,0.25,0.25,0.16666666666666666
ck26_LIBER-AI-CLAUDE_ck26:34-en,0.9928514694201748,0.17155850005125678,0.0,0.16800251343520914,0.16800251343520914,0.3826086956521739,0.3826086956521739,0.09433962264150944
ck26_LIBER-AI-CLAUDE_ck26:35-en,0.2807133421400264,0.016383210429523586,0.0,0.037909085565212296,0.037909085565212296,0.371859296482412,0.371859296482412,0.12048192771084337
ck26_LIBER-AI-CLAUDE_ck26:36-en,0.25,0.17529653004928927,0.0,0.2599456372387175,0.2599456372387175,0.273972602739726,0.273972602739726,0.14285714285714285
ck26_LIBER-AI-CLAUDE_ck26:37-en,0.0,0.33988960087355174,0.0,0.3341237673727059,0.3341237673727059,0.21951219512195122,0.21951219512195122,0.20408163265306126
ck26_LIBER-AI-CLAUDE_ck26:38-en,0.21572720946416143,0.20440577642322608,0.0,0.22632056338193343,0.22632056338193343,0.3975155279503106,0.3975155279503106,0.072992700729927
ck26_LIBER-AI-CLAUDE_ck26:39-en,0.1308411214953271,0.12551683201172556,0.0,0.16625131470499446,0.16625131470499446,0.5168539325842696,0.5168539325842696,0.10309278350515463
ck26_LIBER-AI-CLAUDE_ck26:4-en,1.0,0.14926266648896613,1.0,0.19410278237452785,0.19410278237452785,0.5301204819277109,0.5301204819277109,0.10526315789473682
ck26_LIBER-AI-CLAUDE_ck26:40-en,0.0,0.3372999989262266,0.0,0.3767739276046795,0.3767739276046795,0.4827586206896552,0.4827586206896552,0.25974025974025977
ck26_LIBER-AI-CLAUDE_ck26:41-en,0.0,0.059111169871628975,0.0,0.04590250442224785,0.0,0.175,0.0,0.06329113924050633
ck26_LIBER-AI-CLAUDE_ck26:42-en,0.5,0.05523822374855326,0.0,0.06005177369823725,0.06005177369823725,0.2555555555555556,0.2555555555555556,0.10975609756097562
ck26_LIBER-AI-CLAUDE_ck26:43-en,0.0,0.157188773630212,0.0,0.5057133385213529,0.5057133385213529,0.32142857142857145,0.32142857142857145,0.09836065573770493
ck26_LIBER-AI-CLAUDE_ck26:44-en,0.9014084507042254,0.2085950422427794,0.0,0.35644982820898213,0.35644982820898213,0.39215686274509803,0.39215686274509803,0.0617283950617284
ck26_LIBER-AI-CLAUDE_ck26:45-en,0.0,0.14126448974952652,0.0,0.2049642241639589,0.2049642241639589,0.30000000000000004,0.30000000000000004,0.10752688172043011
ck26_LIBER-AI-CLAUDE_ck26:46-en,0.782608695652174,0.21551807744972193,1.0,0.2678170917026081,0.2678170917026081,0.23684210526315788,0.23684210526315788,0.08333333333333333
ck26_LIBER-AI-CLAUDE_ck26:47-en,0.6666666666666666,0.11311378863328313,0.0,0.17558199612672082,0.17558199612672082,0.4848484848484849,0.4848484848484849,0.20930232558139536
ck26_LIBER-AI-CLAUDE_ck26:48-en,1.0,0.11887731771691235,1.0,0.10807993868927636,0.10807993868927636,0.46511627906976744,0.46511627906976744,0.08571428571428572
ck26_LIBER-AI-CLAUDE_ck26:49-en,1.0,0.2299660544335437,1.0,0.21098000408652973,0.21098000408652973,0.41379310344827586,0.41379310344827586,0.2597402597402597
ck26_LIBER-AI-CLAUDE_ck26:5-en,0.0,0.07981694323120228,0.0,0.38827267775222324,0.38827267775222324,0.6086956521739131,0.6086956521739131,0.39999999999999997
ck26_LIBER-AI-CLAUDE_ck26:50-en,0.5,0.24623953025272613,0.0,0.31800940138537775,0.31800940138537775,0.16666666666666666,0.16666666666666666,0.10000000000000002
ck26_LIBER-AI-CLAUDE_ck26:6-en,0.0,0.029333010563862102,0.0,0.032483476156771926,0.032483476156771926,0.19047619047619044,0.19047619047619044,0.14705882352941177
ck26_LIBER-AI-CLAUDE_ck26:7-en,0.0,0.06660854928710955,0.0,0.47406042598781367,0.47406042598781367,0.5,0.5,0.30769230769230765
ck26_LIBER-AI-CLAUDE_ck26:8-en,0.0,0.07981694323120228,0.0,0.2022534349573476,0.2022534349573476,0.6818181818181818,0.6818181818181818,0.4166666666666667
ck26_LIBER-AI-CLAUDE_ck26:9-en,0.0,0.1198558036169577,0.0,0.5786592160764967,0.5786592160764967,0.6206896551724138,0.6206896551724138,0.3508771929824561
ck26_LIBER-AI-QWEN_ck26:1-en,0.0,0.1105160279821551,0.0,0.4089601472043678,0.4089601472043678,0.5333333333333333,0.5333333333333333,0.41379310344827586
ck26_LIBER-AI-QWEN_ck26:10-en,1.0,0.060733889372305075,1.0,0.769429739906649,0.769429739906649,0.9111111111111111,0.9111111111111111,0.3636363636363637
ck26_LIBER-AI-QWEN_ck26:11-en,0.0,0.06531661674155022,0.0,0.07340794302581667,0.07340794302581667,0.5245901639344263,0.5245901639344263,0.3278688524590164
ck26_LIBER-AI-QWEN_ck26:12-en,0.0,0.054322042069770475,0.0,0.18543829210530705,0.18543829210530705,0.5633802816901408,0.5633802816901408,0.27777777777777785
ck26_LIBER-AI-QWEN_ck26:13-en,0.0,0.17575989349728996,0.0,0.22802581612154946,0.22802581612154946,0.3529411764705882,0.3529411764705882,0.18749999999999997
ck26_LIBER-AI-QWEN_ck26:14-en,0.0,0.06653064242846951,0.0,0.24515235346013312,0.24515235346013312,0.7179487179487181,0.7179487179487181,0.27027027027027023
ck26_LIBER-AI-QWEN_ck26:15-en,0.0,0.19327920386611355,0.0,0.09766533963985803,0.0,0.29,0.0,0.15384615384615383
ck26_LIBER-AI-QWEN_ck26:16-en,1.0,0.14407770952973062,1.0,0.29377167835760565,0.29377167835760565,0.6666666666666667,0.6666666666666667,0.14285714285714285
ck26_LIBER-AI-QWEN_ck26:17-en,0.0,0.06531661674155022,0.0,0.1313420618349672,0.1313420618349672,0.3829787234042553,0.3829787234042553,0.10526315789473684
ck26_LIBER-AI-QWEN_ck26:18-en,0.0,0.25922617417005817,0.0,0.4077057666203186,0.4077057666203186,0.5625,0.5625,0.2272727272727273
ck26_LIBER-AI-QWEN_ck26:19-en,0.0,0.20309782503478804,0.0,0.5223883271661752,0.5223883271661752,0.4528301886792453,0.4528301886792453,0.13953488372093023
ck26_LIBER-AI-QWEN_ck26:2-en,1.0,0.14010300531454548,1.0,1.0,1.0,1.0,1.0,0.5581395348837209
ck26_LIBER-AI-QWEN_ck26:20-en,0.0,0.2575913211139078,0.0,0.41888614394116586,0.41888614394116586,0.5057471264367817,0.5057471264367817,0.08108108108108109
ck26_LIBER-AI-QWEN_ck26:21-en,0.0,0.2520471111372567,0.0,0.5748934038035106,0.5748934038035106,0.5555555555555555,0.5555555555555555,0.1935483870967742
ck26_LIBER-AI-QWEN_ck26:22-en,0.0,0.13243122130715332,0.0,0.3541698766144061,0.3541698766144061,0.5957446808510638,0.5957446808510638,0.39999999999999997
ck26_LIBER-AI-QWEN_ck26:23-en,0.0,0.09919973723847643,0.0,0.11102280520436379,0.11102280520436379,0.5348837209302325,0.5348837209302325,0.22222222222222224
ck26_LIBER-AI-QWEN_ck26:24-en,0.0,0.2995728063785383,0.0,0.3691172790863064,0.3691172790863064,0.6115702479338843,0.6115702479338843,0.2380952380952381
ck26_LIBER-AI-QWEN_ck26:25-en,0.0,0.0962123218310001,0.0,0.32019828556081953,0.32019828556081953,0.4036697247706422,0.4036697247706422,0.2113821138211382
ck26_LIBER-AI-QWEN_ck26:26-en,0.0,0.14258099149008677,0.0,0.30603689509300896,0.30603689509300896,0.673469387755102,0.673469387755102,0.24444444444444444
ck26_LIBER-AI-QWEN_ck26:27-en,0.7105263157894737,0.19964986547125138,0.0,0.21577495164000993,0.21577495164000993,0.3119266055045871,0.3119266055045871,0.15686274509803919
ck26_LIBER-AI-QWEN_ck26:28-en,0.0,0.011655415930121423,0.0,0.09381114282336275,0.09381114282336275,0.47154471544715443,0.47154471544715443,0.08771929824561403
ck26_LIBER-AI-QWEN_ck26:29-en,0.0,0.16285656455323885,0.0,0.3146853281692163,0.3146853281692163,0.46540880503144655,0.46540880503144655,0.078125
ck26_LIBER-AI-QWEN_ck26:3-en,0.0,0.13243122130715332,0.0,0.3541698766144061,0.3541698766144061,0.6274509803921569,0.6274509803921569,0.4444444444444444
ck26_LIBER-AI-QWEN_ck26:30-en,0.6250000000000001,0.35070255389025395,0.0,0.5835030914513967,0.5835030914513967,0.4,0.4,0.16901408450704225
ck26_LIBER-AI-QWEN_ck26:31-en,0.3132530120481928,0.20322600787847026,0.0,0.07755013875937573,0.07755013875937573,0.23076923076923078,0.23076923076923078,0.06578947368421052
ck26_LIBER-AI-QWEN_ck26:32-en,0.003012048192771084,0.14796843281850475,0.0,0.15248320765398315,0.15248320765398315,0.3548387096774194,0.3548387096774194,0.09708737864077671
ck26_LIBER-AI-QWEN_ck26:33-en,0.0,0.20990411215702492,0.0,0.44300069361967526,0.44300069361967526,0.6250000000000001,0.6250000000000001,0.23333333333333334
ck26_LIBER-AI-QWEN_ck26:34-en,0.0,0.026546448801019373,0.0,0.15313265680058435,0.15313265680058435,0.4842105263157895,0.4842105263157895,0.09999999999999999
ck26_LIBER-AI-QWEN_ck26:35-en,0.49203129527673134,0.017515617179493185,0.0,0.08712475175244239,0.08712475175244239,0.3448275862068966,0.3448275862068966,0.14184397163120568
ck26_LIBER-AI-QWEN_ck26:36-en,0.16666666666666666,0.2644709348469312,0.0,0.3492520394471386,0.3492520394471386,0.19780219780219782,0.19780219780219782,0.13333333333333333
ck26_LIBER-AI-QWEN_ck26:37-en,0.0,0.3565661083979599,0.0,0.5070355342667442,0.5070355342667442,0.2682926829268293,0.2682926829268293,0.22448979591836732
ck26_LIBER-AI-QWEN_ck26:38-en,0.0,0.044446135144992245,0.0,0.0651490612061724,0.0651490612061724,0.40449438202247195,0.40449438202247195,0.0625
ck26_LIBER-AI-QWEN_ck26:39-en,0.12612612612612611,0.37456291810610803,0.0,0.13039899950636066,0.13039899950636066,0.4444444444444445,0.4444444444444445,0.21999999999999997
ck26_LIBER-AI-QWEN_ck26:4-en,0.0,0.01608484588567926,0.0,0.03144354710680635,0.03144354710680635,0.35135135135135137,0.35135135135135137,0.08
ck26_LIBER-AI-QWEN_ck26:40-en,0.0,0.2881871882703532,0.0,0.3767739276046795,0.3767739276046795,0.4827586206896552,0.4827586206896552,0.20689655172413793
ck26_LIBER-AI-QWEN_ck26:41-en,0.0,0.09846618324944849,0.0,0.18279992995889227,0.18279992995889227,0.2366863905325444,0.2366863905325444,0.05813953488372093
ck26_LIBER-AI-QWEN_ck26:42-en,0.5,0.055724951159153935,0.0,0.06005177369823725,0.06005177369823725,0.2555555555555556,0.2555555555555556,0.1038961038961039
ck26_LIBER-AI-QWEN_ck26:43-en,0.6666666666666666,0.06176286284155797,0.0,0.19230188007838597,0.19230188007838597,0.23333333333333334,0.23333333333333334,0.09230769230769229
ck26_LIBER-AI-QWEN_ck26:44-en,0.18294425917103382,0.039911408647917264,0.0,0.022287702153071867,0.022287702153071867,0.26785714285714285,0.26785714285714285,0.101010101010101
ck26_LIBER-AI-QWEN_ck26:45-en,0.0,0.24413664470419785,0.0,0.4985591070050039,0.4985591070050039,0.6170212765957447,0.6170212765957447,0.2298850574712644
ck26_LIBER-AI-QWEN_ck26:46-en,0.0,0.2001613639154893,0.0,0.42219145237474487,0.42219145237474487,0.30232558139534876,0.30232558139534876,0.06451612903225806
ck26_LIBER-AI-QWEN_ck26:47-en,0.0,0.16033818857536825,0.0,0.161379527749023,0.161379527749023,0.5909090909090909,0.5909090909090909,0.23684210526315788
ck26_LIBER-AI-QWEN_ck26:48-en,0.0,0.11887731771691235,0.0,0.11377605879861442,0.11377605879861442,0.4948453608247423,0.4948453608247423,0.07407407407407407
ck26_LIBER-AI-QWEN_ck26:49-en,1.0,0.23065995669237163,1.0,0.4938413945711103,0.4938413945711103,0.6666666666666666,0.6666666666666666,0.3448275862068965
ck26_LIBER-AI-QWEN_ck26:5-en,0.0,0.07981694323120228,0.0,0.38827267775222324,0.38827267775222324,0.6086956521739131,0.6086956521739131,0.39999999999999997
ck26_LIBER-AI-QWEN_ck26:50-en,0.0,0.2627913768526977,0.0,0.6428821544925049,0.6428821544925049,0.3859649122807018,0.3859649122807018,0.10526315789473684
ck26_LIBER-AI-QWEN_ck26:6-en,0.0,0.06317215530592278,0.0,0.3013040489278569,0.3013040489278569,0.5185185185185185,0.5185185185185185,0.28985507246376807
ck26_LIBER-AI-QWEN_ck26:7-en,0.0,0.05291216296554761,0.0,0.2596535889340338,0.2596535889340338,0.64,0.64,0.32653061224489793
ck26_LIBER-AI-QWEN_ck26:8-en,0.0,0.0742780352096333,0.0,0.14173637423499996,0.14173637423499996,0.5333333333333333,0.5333333333333333,0.375
ck26_LIBER-AI-QWEN_ck26:9-en,0.0,0.11689610117130919,0.0,0.19229713941278048,0.19229713941278048,0.48484848484848486,0.48484848484848486,0.3636363636363636
ck26_SPARQL-LLM_ck26:1-en,1.0,0.5147346410538359,1.0,1.0,1.0,1.0,1.0,0.7692307692307692
ck26_SPARQL-LLM_ck26:10-en,1.0,0.6604031021992536,1.0,1.0,1.0,1.0,1.0,0.923076923076923
ck26_SPARQL-LLM_ck26:11-en,1.0,0.38975749519739833,1.0,1.0,1.0,1.0,1.0,0.5151515151515151
ck26_SPARQL-LLM_ck26:12-en,1.0,0.2954804840666616,1.0,1.0,1.0,1.0,1.0,0.41379310344827586
ck26_SPARQL-LLM_ck26:13-en,0.0,0.3482990918507536,0.0,0.18661962390369358,0.0,0.31034482758620685,0.0,0.32142857142857145
ck26_SPARQL-LLM_ck26:14-en,1.0,0.3761648431086742,1.0,1.0,1.0,1.0,1.0,0.45569620253164556
ck26_SPARQL-LLM_ck26:15-en,1.0,0.8318673937138551,1.0,1.0,1.0,1.0,1.0,0.9411764705882353
ck26_SPARQL-LLM_ck26:16-en,1.0,0.19984031923399137,1.0,1.0,1.0,1.0,1.0,0.15789473684210528
ck26_SPARQL-LLM_ck26:17-en,1.0,0.2954804840666616,1.0,1.0,1.0,1.0,1.0,0.2380952380952381
ck26_SPARQL-LLM_ck26:18-en,1.0,0.47522632998171577,1.0,1.0,1.0,1.0,1.0,0.43373493975903615
ck26_SPARQL-LLM_ck26:19-en,1.0,0.48567710931378716,1.0,1.0,1.0,1.0,1.0,0.32835820895522394
ck26_SPARQL-LLM_ck26:2-en,1.0,0.3002490876098761,1.0,1.0,1.0,1.0,1.0,0.6122448979591837
ck26_SPARQL-LLM_ck26:20-en,1.0,0.4675692998759383,1.0,1.0,1.0,1.0,1.0,0.27499999999999997
ck26_SPARQL-LLM_ck26:21-en,1.0,0.6592318547628342,1.0,1.0,1.0,1.0,1.0,0.7567567567567567
ck26_SPARQL-LLM_ck26:22-en,1.0,0.3002490876098761,1.0,1.0,1.0,1.0,1.0,0.5777777777777778
ck26_SPARQL-LLM_ck26:23-en,1.0,0.6604031021992536,1.0,1.0,1.0,1.0,1.0,0.9189189189189189
ck26_SPARQL-LLM_ck26:24-en,1.0,0.7562127516046866,1.0,1.0,1.0,1.0,1.0,0.9473684210526316
ck26_SPARQL-LLM_ck26:25-en,1.0,0.1729428049271316,1.0,0.12297408611358993,0.12297408611358993,0.41304347826086957,0.41304347826086957,0.22222222222222224
ck26_SPARQL-LLM_ck26:26-en,1.0,0.7010883038581152,1.0,1.0,1.0,1.0,1.0,0.9268292682926829
ck26_SPARQL-LLM_ck26:27-en,1.0,0.538127768448516,1.0,1.0,1.0,1.0,1.0,0.372093023255814
ck26_SPARQL-LLM_ck26:28-en,1.0,0.36170674252278,1.0,0.4018831371837812,0.4018831371837812,0.4666666666666667,0.4666666666666667,0.14193548387096777
ck26_SPARQL-LLM_ck26:29-en,0.16,0.31020161970069987,0.0,0.3799436910760482,0.3799436910760482,0.5521472392638037,0.5521472392638037,0.16666666666666666
ck26_SPARQL-LLM_ck26:3-en,1.0,0.3002490876098761,1.0,1.0,1.0,1.0,1.0,0.6122448979591837
ck26_SPARQL-LLM_ck26:30-en,0.0,0.32309553411698083,0.0,0.376398442702175,0.376398442702175,0.46315789473684216,0.46315789473684216,0.18000000000000002
ck26_SPARQL-LLM_ck26:31-en,0.6746987951807228,0.13710374373403839,1.0,0.059631849136947045,0.059631849136947045,0.19327731092436976,0.19327731092436976,0.05084745762711864
ck26_SPARQL-LLM_ck26:32-en,0.4106280193236715,0.40427836387957744,0.0,0.4757060197367914,0.4757060197367914,0.49645390070921985,0.49645390070921985,0.18333333333333335
ck26_SPARQL-LLM_ck26:33-en,1.0,0.33536718811160326,1.0,1.0,1.0,1.0,1.0,0.2162162162162162
ck26_SPARQL-LLM_ck26:34-en,0.0,0.28913601284946444,0.0,0.36048736137485443,0.36048736137485443,0.536082474226804,0.536082474226804,0.10638297872340426
ck26_SPARQL-LLM_ck26:35-en,1.0,0.3938437186190448,1.0,1.0,1.0,1.0,1.0,0.25149700598802394
ck26_SPARQL-LLM_ck26:36-en,0.6666666666666666,0.3123266181442396,0.0,0.2955875072848612,0.2955875072848612,0.32835820895522383,0.32835820895522383,0.16901408450704225
ck26_SPARQL-LLM_ck26:37-en,1.0,0.6972636642000133,1.0,1.0,1.0,1.0,1.0,0.5196850393700788
ck26_SPARQL-LLM_ck26:38-en,1.0,0.4303460795736902,1.0,0.3770904304836785,0.3770904304836785,0.5434782608695652,0.5434782608695652,0.2331288343558282
ck26_SPARQL-LLM_ck26:39-en,1.0,0.5150764813885766,1.0,1.0,1.0,1.0,1.0,0.33333333333333326
ck26_SPARQL-LLM_ck26:4-en,1.0,0.7645177314873157,1.0,1.0,1.0,1.0,1.0,0.90625
ck26_SPARQL-LLM_ck26:40-en,0.8,0.3870160063400902,0.0,0.6192332654346376,0.6192332654346376,0.7157894736842105,0.7157894736842105,0.23255813953488372
ck26_SPARQL-LLM_ck26:41-en,0.7000000000000001,0.5895726230705292,0.0,0.4833356050512541,0.4833356050512541,0.36507936507936506,0.36507936507936506,0.32679738562091504
ck26_SPARQL-LLM_ck26:42-en,1.0,0.6567184870529109,1.0,0.4137133886501402,0.4137133886501402,0.40167364016736407,0.40167364016736407,0.4324324324324324
ck26_SPARQL-LLM_ck26:43-en,1.0,0.5014346925332321,1.0,0.6490097545330621,0.6490097545330621,0.5128205128205129,0.5128205128205129,0.2916666666666667
ck26_SPARQL-LLM_ck26:44-en,1.0,0.7372502670099391,1.0,0.45976675055767213,0.45976675055767213,0.3924050632911392,0.3924050632911392,0.6141732283464567
ck26_SPARQL-LLM_ck26:45-en,1.0,0.7330526671381095,1.0,1.0,1.0,1.0,1.0,0.9210526315789475
ck26_SPARQL-LLM_ck26:46-en,1.0,0.6045380937140253,1.0,0.5041566170114462,0.5041566170114462,0.4,0.4,0.4477611940298507
ck26_SPARQL-LLM_ck26:47-en,1.0,0.6481388934544839,1.0,1.0,1.0,1.0,1.0,0.9142857142857143
ck26_SPARQL-LLM_ck26:48-en,1.0,0.7330526671381095,1.0,1.0,1.0,1.0,1.0,0.9166666666666666
ck26_SPARQL-LLM_ck26:49-en,1.0,0.6236362995619311,1.0,0.5721248424548514,0.5721248424548514,0.6557377049180327,0.6557377049180327,0.7936507936507937
ck26_SPARQL-LLM_ck26:5-en,1.0,0.5330640187089944,1.0,1.0,1.0,1.0,1.0,0.8750000000000001
ck26_SPARQL-LLM_ck26:50-en,1.0,0.559729809409615,1.0,0.4568861188180699,0.4568861188180699,0.20408163265306126,0.20408163265306126,0.4444444444444445
ck26_SPARQL-LLM_ck26:6-en,1.0,0.3002490876098761,1.0,1.0,1.0,1.0,1.0,0.5333333333333333
ck26_SPARQL-LLM_ck26:7-en,1.0,0.2954804840666616,1.0,1.0,1.0,1.0,1.0,0.42857142857142855
ck26_SPARQL-LLM_ck26:8-en,1.0,0.5330640187089944,1.0,1.0,1.0,1.0,1.0,0.8750000000000001
ck26_SPARQL-LLM_ck26:9-en,1.0,0.5527411313698707,1.0,0.5426113542926237,0.5426113542926237,0.7733333333333334,0.7733333333333334,0.8354430379746837
